{
	"partitions" : [
		{
			"name" : "Top",
			"pins" : [
				{
					"name" : "HEX0[0]",
					"strict" : false
				},
				{
					"name" : "HEX0[1]",
					"strict" : false
				},
				{
					"name" : "HEX0[2]",
					"strict" : false
				},
				{
					"name" : "HEX0[3]",
					"strict" : false
				},
				{
					"name" : "HEX0[4]",
					"strict" : false
				},
				{
					"name" : "HEX0[5]",
					"strict" : false
				},
				{
					"name" : "HEX0[6]",
					"strict" : false
				},
				{
					"name" : "HEX1[0]",
					"strict" : false
				},
				{
					"name" : "HEX1[1]",
					"strict" : false
				},
				{
					"name" : "HEX1[2]",
					"strict" : false
				},
				{
					"name" : "HEX1[3]",
					"strict" : false
				},
				{
					"name" : "HEX1[4]",
					"strict" : false
				},
				{
					"name" : "HEX1[5]",
					"strict" : false
				},
				{
					"name" : "HEX1[6]",
					"strict" : false
				},
				{
					"name" : "HEX2[0]",
					"strict" : false
				},
				{
					"name" : "HEX2[1]",
					"strict" : false
				},
				{
					"name" : "HEX2[2]",
					"strict" : false
				},
				{
					"name" : "HEX2[3]",
					"strict" : false
				},
				{
					"name" : "HEX2[4]",
					"strict" : false
				},
				{
					"name" : "HEX2[5]",
					"strict" : false
				},
				{
					"name" : "HEX2[6]",
					"strict" : false
				},
				{
					"name" : "HEX3[0]",
					"strict" : false
				},
				{
					"name" : "HEX3[1]",
					"strict" : false
				},
				{
					"name" : "HEX3[2]",
					"strict" : false
				},
				{
					"name" : "HEX3[3]",
					"strict" : false
				},
				{
					"name" : "HEX3[4]",
					"strict" : false
				},
				{
					"name" : "HEX3[5]",
					"strict" : false
				},
				{
					"name" : "HEX3[6]",
					"strict" : false
				},
				{
					"name" : "HEX4[0]",
					"strict" : false
				},
				{
					"name" : "HEX4[1]",
					"strict" : false
				},
				{
					"name" : "HEX4[2]",
					"strict" : false
				},
				{
					"name" : "HEX4[3]",
					"strict" : false
				},
				{
					"name" : "HEX4[4]",
					"strict" : false
				},
				{
					"name" : "HEX4[5]",
					"strict" : false
				},
				{
					"name" : "HEX4[6]",
					"strict" : false
				},
				{
					"name" : "HEX5[0]",
					"strict" : false
				},
				{
					"name" : "HEX5[1]",
					"strict" : false
				},
				{
					"name" : "HEX5[2]",
					"strict" : false
				},
				{
					"name" : "HEX5[3]",
					"strict" : false
				},
				{
					"name" : "HEX5[4]",
					"strict" : false
				},
				{
					"name" : "HEX5[5]",
					"strict" : false
				},
				{
					"name" : "HEX5[6]",
					"strict" : false
				},
				{
					"name" : "HEX6[0]",
					"strict" : false
				},
				{
					"name" : "HEX6[1]",
					"strict" : false
				},
				{
					"name" : "HEX6[2]",
					"strict" : false
				},
				{
					"name" : "HEX6[3]",
					"strict" : false
				},
				{
					"name" : "HEX6[4]",
					"strict" : false
				},
				{
					"name" : "HEX6[5]",
					"strict" : false
				},
				{
					"name" : "HEX6[6]",
					"strict" : false
				},
				{
					"name" : "HEX7[0]",
					"strict" : false
				},
				{
					"name" : "HEX7[1]",
					"strict" : false
				},
				{
					"name" : "HEX7[2]",
					"strict" : false
				},
				{
					"name" : "HEX7[3]",
					"strict" : false
				},
				{
					"name" : "HEX7[4]",
					"strict" : false
				},
				{
					"name" : "HEX7[5]",
					"strict" : false
				},
				{
					"name" : "HEX7[6]",
					"strict" : false
				},
				{
					"name" : "hex_data[0]",
					"strict" : false
				},
				{
					"name" : "hex_data[1]",
					"strict" : false
				},
				{
					"name" : "hex_data[2]",
					"strict" : false
				},
				{
					"name" : "hex_data[3]",
					"strict" : false
				},
				{
					"name" : "hex_data[4]",
					"strict" : false
				},
				{
					"name" : "hex_data[5]",
					"strict" : false
				},
				{
					"name" : "hex_data[6]",
					"strict" : false
				},
				{
					"name" : "hex_data[7]",
					"strict" : false
				},
				{
					"name" : "hex_data[8]",
					"strict" : false
				},
				{
					"name" : "hex_data[9]",
					"strict" : false
				},
				{
					"name" : "hex_data[10]",
					"strict" : false
				},
				{
					"name" : "hex_data[11]",
					"strict" : false
				},
				{
					"name" : "hex_data[12]",
					"strict" : false
				},
				{
					"name" : "hex_data[13]",
					"strict" : false
				},
				{
					"name" : "hex_data[14]",
					"strict" : false
				},
				{
					"name" : "hex_data[15]",
					"strict" : false
				},
				{
					"name" : "hex_data[16]",
					"strict" : false
				},
				{
					"name" : "hex_data[17]",
					"strict" : false
				},
				{
					"name" : "hex_data[18]",
					"strict" : false
				},
				{
					"name" : "hex_data[19]",
					"strict" : false
				},
				{
					"name" : "hex_data[20]",
					"strict" : false
				},
				{
					"name" : "hex_data[21]",
					"strict" : false
				},
				{
					"name" : "hex_data[22]",
					"strict" : false
				},
				{
					"name" : "hex_data[23]",
					"strict" : false
				},
				{
					"name" : "hex_data[24]",
					"strict" : false
				},
				{
					"name" : "hex_data[25]",
					"strict" : false
				},
				{
					"name" : "hex_data[26]",
					"strict" : false
				},
				{
					"name" : "hex_data[27]",
					"strict" : false
				},
				{
					"name" : "hex_data[28]",
					"strict" : false
				},
				{
					"name" : "hex_data[29]",
					"strict" : false
				},
				{
					"name" : "hex_data[30]",
					"strict" : false
				},
				{
					"name" : "hex_data[31]",
					"strict" : false
				},
				{
					"name" : "AUD_ADCLRCK",
					"strict" : false
				},
				{
					"name" : "AUD_DACLRCK",
					"strict" : false
				},
				{
					"name" : "KEY[3]",
					"strict" : false
				},
				{
					"name" : "IRDA_RXD",
					"strict" : false
				}
			]
		}
	]
}